<?xml version="1.0" encoding="UTF-8"?>
<project-private xmlns="http://www.netbeans.org/ns/project-private/1">
    <editor-bookmarks xmlns="http://www.netbeans.org/ns/editor-bookmarks/2" lastBookmarkId="0"/>
    <open-files xmlns="http://www.netbeans.org/ns/projectui-open-files/2">
        <group>
            <file>file:/G:/Mi%20Dayann/Nueva%20Carpeta/Notas/src/java/pe/egcc/model/VentaModel.java</file>
            <file>file:/G:/Mi%20Dayann/Nueva%20Carpeta/Notas/src/java/pe/egcc/controller/VentaController.java</file>
            <file>file:/G:/Mi%20Dayann/Nueva%20Carpeta/Notas/web/index.html</file>
            <file>file:/G:/Mi%20Dayann/Nueva%20Carpeta/Notas/web/reporte.jsp</file>
            <file>file:/G:/Mi%20Dayann/Nueva%20Carpeta/Notas/src/java/pe/egcc/dto/ItemDto.java</file>
            <file>file:/G:/Mi%20Dayann/Nueva%20Carpeta/Notas/web/agregar.jsp</file>
            <file>file:/G:/Mi%20Dayann/Nueva%20Carpeta/Notas/web/listado.jsp</file>
        </group>
    </open-files>
</project-private>
